ID,Account,Product,Period,Price
2501,Bulletinte,Orange Punch,4/23/2015,16.9
2504,Chicatrisv,Flower Bouquet,4/23/2015,11.76
2507,Cellisti,Buzz Cola,4/2/2015,19.66
2508,Posamne,Snow Plow,4/20/2015,8.04
2510,Hansgen,Flower Bouquet,4/22/2015,16.88
2513,Firstrous,Buzz Cola,4/16/2015,22.62
2516,Arouset,Almond Milk,4/24/2015,6.12
2518,Chicatrisv,Barley,4/24/2015,12.56
2521,Shualich,Buzz Cola,4/25/2015,10.2
2525,Keeferr,Krusty-Os,4/25/2015,10.98
2527,Fangossen,Snow Plow,4/12/2015,25.04
2535,Momjudebi,Devil Donut,4/23/2015,19.26
2537,Purplellis,Hot Dog,4/22/2015,20.5
2540,MintBlogger,Buzz Cola,4/28/2015,19.78
2545,PopularTwinkle,Orange Punch,4/25/2015,18.32
2553,Alphenymp,Snow Plow,4/9/2015,19.52
2556,Plasipli,Bowling Ball,4/25/2015,7.28
2561,RazuKenka,Orange Punch,4/30/2015,20.66
2564,AnnouncerKing,Almond Milk,4/21/2015,6.58
2570,Promsdeo,Almond Milk,4/24/2015,15.34
2574,Hippopton,Barley,4/19/2015,22.98
2581,Gambitches,Krusty-Os,4/21/2015,22.48
2582,Pooleachou,Devil Donut,4/29/2015,25.74
2583,Emidsient,Almond Milk,4/25/2015,9.72
2590,Leradobs,Krusty-Os,4/2/2015,14.2
2594,Kenkately,Saxophone Reed,4/18/2015,24.94
2600,Nationtr,Snow Plow,4/24/2015,23.4
2603,NekoAngelic,Left-handed Scissors,4/9/2015,7.84
2610,Bevectican,Bowling Ball,4/13/2015,16.74
2614,IamBillHannah,Left-handed Scissors,4/13/2015,17.02
2616,IteTabloid,Slingshot,4/20/2015,17.74
2624,BrainyZollo,Orange Punch,4/6/2015,7.32
2639,Kenkatani,Bowling Ball,4/28/2015,9.64
2640,PowerSomber,Buzz Cola,4/21/2015,16.28
2641,HeheBraceFizz,Orange Punch,4/1/2015,8.78
2648,LogFly,Krusty-Os,4/4/2015,20.82
2655,Blikitbec,Krusty-Os,4/5/2015,22.8
2657,FixEver,Barley,4/15/2015,9.22
2659,NekoAngelic,Almond Milk,4/26/2015,8.36
2662,KiddoAnhart,Hot Dog,4/10/2015,16.74
2664,Poshytess,Krusty-Os,4/19/2015,21
2675,NipZero,Saxophone Reed,4/24/2015,22.98
2676,Caperlexe,Barley,4/11/2015,9.38
2679,Gladples,Krusty-Os,4/30/2015,12.96
2680,Diaryptor,Orange Punch,4/30/2015,6.7
2681,Lyndatage,Buzz Cola,4/25/2015,23.2
2684,ChiriShabby,Flower Bouquet,4/25/2015,22.84
2692,Arouset,Devil Donut,4/18/2015,8.08
2700,Perfectione,Almond Milk,4/6/2015,7.04
2703,Bauhand,Barley,4/16/2015,17.12
2704,Legendehic,Hot Dog,4/3/2015,9.74
2707,Feathmind,Orange Punch,4/14/2015,10.08
2709,Acme,Almond Milk,4/23/2015,23.54
2711,PopularTwinkle,Flower Bouquet,4/4/2015,20.26
2715,Eapperpl,Almond Milk,4/18/2015,10.76
2724,Reenaca,Almond Milk,4/11/2015,11.4
2727,Rockeefl,Devil Donut,4/24/2015,10.66
2729,Hanglober,Krusty-Os,4/16/2015,13.74
2732,CatMonkey,Left-handed Scissors,4/22/2015,17.54
2739,LiveStargal,Hot Dog,4/17/2015,19.74
2742,Advenopy,Hot Dog,4/13/2015,17.1
2743,AboveRosa,Pacifier,4/22/2015,15.76
2744,Notusetti,Devil Donut,4/28/2015,19.8
2746,Perfectione,Squishee,4/17/2015,15.42
2748,NotBase,Pacifier,4/8/2015,18.68
2754,IteTabloid,Squishee,4/29/2015,21.54
2755,Mowerpatste,Squishee,4/16/2015,8.14
2765,Screenary,Snow Plow,4/22/2015,19.38
2766,Funkimagia,Bowling Ball,4/30/2015,23.4
2768,NotBase,Snow Plow,4/12/2015,11.44
2770,Mmershpo,Flower Bouquet,4/19/2015,22.02
2774,KaptainHerald,Pacifier,4/22/2015,16.26
2775,BoboSweetBroadway,Flower Bouquet,4/4/2015,15.72
2776,Euphartn,Slingshot,4/9/2015,19.02
2782,AnnouncerNephew,Devil Donut,4/12/2015,12.82
2788,Awareceleve,Devil Donut,4/30/2015,7.44
2789,Reenaca,Left-handed Scissors,4/22/2015,23.84
2790,Awareceleve,Bowling Ball,4/28/2015,9.08
2792,ArsenalKino,Bowling Ball,4/1/2015,25.68
2797,Promsdeo,Hot Dog,4/11/2015,18.3
2798,DoggIntincr,Flower Bouquet,4/22/2015,6.5
2799,Mazdobatu,Squishee,4/27/2015,18.76
2801,Chilledet,Flower Bouquet,4/10/2015,8.58
2803,Intellba,Devil Donut,4/20/2015,14.4
2806,Sigands,Pacifier,4/22/2015,24.84
2811,Daranter,Left-handed Scissors,4/19/2015,16.08
2812,Inktonu,Left-handed Scissors,4/29/2015,19.52
2813,Chestium,Pacifier,4/23/2015,17.1
2822,Nordimi,Saxophone Reed,4/16/2015,22.62
2825,HelloGrand,Squishee,4/19/2015,6.74
2828,Mudsalib,Slingshot,4/19/2015,7.76
2832,ChiriShabby,Barley,4/23/2015,25.82
2835,Bitfobaas,Hot Dog,4/6/2015,6.38
2836,Buddyella,Bowling Ball,4/24/2015,25.16
2838,Mazdobatu,Snow Plow,4/20/2015,10.04
2839,Heaticel,Krusty-Os,4/12/2015,17.34
2842,GriffonReporter,Orange Punch,4/6/2015,6.88
2844,Namenetsky,Orange Punch,4/16/2015,25.64
2849,AlphaRpg,Flower Bouquet,4/12/2015,10.64
2853,SnoWord,Barley,4/4/2015,14.92
2854,BurntFear,Barley,4/3/2015,8.28
2858,Eapperpl,Krusty-Os,4/11/2015,6.66
2864,Blesselud,Barley,4/5/2015,15.34
2865,ArsenalTalk,Bowling Ball,4/8/2015,6.34
2874,HelpSweet,Bowling Ball,4/14/2015,22.68
2877,BradleyNarrative,Slingshot,4/21/2015,6.96
2881,Headlines,Slingshot,4/19/2015,23.42
2882,Reenaca,Almond Milk,4/6/2015,21.98
2883,Positiverc,Left-handed Scissors,4/14/2015,7.04
2889,Grundyneti,Snow Plow,4/29/2015,21.96
2893,Bloggerer,Almond Milk,4/29/2015,7.46
2896,Namedianon,Slingshot,4/11/2015,14.16
2898,Jobbcoqu,Slingshot,4/28/2015,9.32
2901,JungPeakTrimble,Devil Donut,4/6/2015,24.28
2902,Chiaritail,Orange Punch,4/14/2015,20.78
2903,BlogVod,Almond Milk,4/25/2015,13.8
2904,Acidyles,Left-handed Scissors,4/25/2015,8.88
2908,GossipNight,Buzz Cola,4/1/2015,10.32
2913,Pyranka,Bowling Ball,4/6/2015,8.74
2914,NozyGiga,Krusty-Os,4/16/2015,11.38
2917,Bradelextr,Almond Milk,4/16/2015,21.66
2918,Enlisher,Slingshot,4/23/2015,10.24
2919,Loverabbit,Hot Dog,4/13/2015,10.98
2920,Advenopy,Barley,4/22/2015,6.52
2923,Burdtaxw,Devil Donut,4/21/2015,16.3
2924,Flakergo,Buzz Cola,4/9/2015,16.76
2926,2coolGarnett,Orange Punch,4/20/2015,22.88
2927,Headlines,Barley,4/28/2015,19.9
2929,Nordimi,Hot Dog,4/15/2015,11.34
2930,MagazineMercy,Krusty-Os,4/25/2015,24.54
2948,EyesWaveWaka,Slingshot,4/13/2015,10.7
2949,Bizarrestan,Saxophone Reed,4/6/2015,20.8
2956,HenryGhoul,Almond Milk,4/18/2015,22.34
2957,Ineschic,Slingshot,4/19/2015,15.78
2962,GoldCrayon,Krusty-Os,4/12/2015,9.26
2971,Cellisti,Left-handed Scissors,4/27/2015,13.06
2972,PartyGotInspiring,Orange Punch,4/1/2015,16.32
2974,Intellba,Devil Donut,4/26/2015,14.78
2976,Mediaux,Krusty-Os,4/10/2015,11.68
2979,Inaching,Barley,4/8/2015,9.9
2980,KaptainHerald,Saxophone Reed,4/13/2015,15.46
2982,Perfeho,Krusty-Os,4/29/2015,6.28
2985,Famoustebl,Flower Bouquet,4/8/2015,19.2
2988,Nordimi,Saxophone Reed,4/14/2015,7.56
3003,Maxieldse,Almond Milk,4/27/2015,24.3
3012,Mediaux,Pacifier,4/30/2015,9.32
3022,Caperlexe,Left-handed Scissors,4/23/2015,11.34
3024,HeraldEye,Krusty-Os,4/28/2015,22.16
3025,Bizarrevces,Almond Milk,4/28/2015,23.16
3027,Laquield,Flower Bouquet,4/20/2015,20.66
3028,ForlifeDream,Saxophone Reed,4/30/2015,17.38
3033,Nioneenf,Barley,4/23/2015,25.46
3036,ForlifeDream,Orange Punch,4/12/2015,9.36
3044,Cordlets,Squishee,4/12/2015,7
3046,Dolockar,Buzz Cola,4/7/2015,23.88
3048,Goldencero,Krusty-Os,4/28/2015,22.74
3049,Quotelyco,Krusty-Os,4/29/2015,7.54
3050,Rincent,Hot Dog,4/19/2015,19.72
3051,Besteres,Hot Dog,4/3/2015,14.4
3057,RonzUber,Devil Donut,4/5/2015,21.2
3058,Funkimagia,Orange Punch,4/14/2015,9.28
3062,PlaySnoop,Pacifier,4/4/2015,15.52
3063,Actuallywo,Hot Dog,4/14/2015,22.84
3064,Remedios,Almond Milk,4/19/2015,10.56
3065,EdgyStunna,Bowling Ball,4/2/2015,22.18
3072,MamaNice,Slingshot,4/18/2015,11.18
3073,NeoSing,Slingshot,4/6/2015,12.2
3082,Bloggerer,Left-handed Scissors,4/8/2015,20.9
3088,BurntFear,Bowling Ball,4/30/2015,22.34
3092,Bizarrestan,Buzz Cola,4/29/2015,21.84
3095,GreyPlanet,Devil Donut,4/8/2015,10.56
3096,Scarypticew,Orange Punch,4/7/2015,25
3098,Prelaym,Flower Bouquet,4/5/2015,17.18
3106,Cochinger,Buzz Cola,4/15/2015,25.32
3107,HanShort,Hot Dog,4/13/2015,17.26
3108,BuffyArsenal,Orange Punch,4/28/2015,16.94
3110,Mettertbe,Barley,4/19/2015,11.38
3111,Octalogi,Pacifier,4/8/2015,15.1
3117,MundeLogicLittle,Pacifier,4/19/2015,18.74
3118,PlaySnoop,Left-handed Scissors,4/4/2015,15.86
3129,BabyPro,Krusty-Os,4/11/2015,9.53
3133,LuvBleak,Snow Plow,4/6/2015,11.42
3144,Laquield,Orange Punch,4/5/2015,3.32
3156,Holyncepha,Devil Donut,4/4/2015,7.72
3161,Nicenterge,Slingshot,4/16/2015,10.12
3170,Mediaux,Flower Bouquet,4/29/2015,10.68
3173,Meadomark,Almond Milk,4/12/2015,6.42
3174,Bradeluxie,Buzz Cola,4/19/2015,12.59
3178,Garnetter,Snow Plow,4/17/2015,8.95
3179,Karield,Squishee,4/4/2015,4.04
3181,Angelstage,Hot Dog,4/8/2015,8
3185,ArsenalTalk,Barley,4/6/2015,11.41
3187,Intincrol,Hot Dog,4/14/2015,6.93
3188,PrimeEye,Orange Punch,4/7/2015,8.57
3191,Muddlembler,Barley,4/26/2015,8.73
3193,Jobbcoqu,Orange Punch,4/6/2015,4.28
3197,Candwire,Orange Punch,4/30/2015,6.75
3206,Ronquak,Pacifier,4/15/2015,3.52
3224,Dolockar,Almond Milk,4/12/2015,9.36
3226,Forsyncer,Devil Donut,4/9/2015,12.26
3227,GriffonReporter,Hot Dog,4/2/2015,8.56
3228,Medyneph,Squishee,4/5/2015,4.87
3230,Chilledet,Saxophone Reed,4/28/2015,6.84
3233,DigestTight,Devil Donut,4/7/2015,10.85
3237,Blikitbec,Hot Dog,4/14/2015,5.04
3239,Recipecide,Orange Punch,4/6/2015,9.89
3240,PowerSomber,Snow Plow,4/13/2015,11.77
3257,HenryGhoul,Krusty-Os,4/30/2015,11.01
3263,ListHaro,Left-handed Scissors,4/27/2015,10.13
3268,Isergoba,Bowling Ball,4/26/2015,11.96
3273,Rock4me,Flower Bouquet,4/15/2015,7.39
3274,Rincent,Pacifier,4/28/2015,11.29
3275,NekoAngelic,Devil Donut,4/21/2015,5.38
3280,ForlifeLittle,Barley,4/16/2015,4.96
3285,Palecto,Hot Dog,4/21/2015,8.53
3291,Insideally,Bowling Ball,4/21/2015,3.96
3292,Nioneenf,Orange Punch,4/14/2015,4.3
3308,Intincrol,Bowling Ball,4/4/2015,4.28
3311,Inaching,Orange Punch,4/3/2015,4.52
3315,SnoopyTimes,Flower Bouquet,4/4/2015,10.72
3323,Farercashop,Devil Donut,4/24/2015,5.78
3330,Equancoat,Snow Plow,4/24/2015,5.7
3333,BabyPro,Saxophone Reed,4/20/2015,8.4
3337,NotePuff,Bowling Ball,4/4/2015,10.25
3339,MamaNice,Snow Plow,4/21/2015,5.33
3340,Heaticel,Squishee,4/24/2015,12.86
3341,RatHunterCrescent,Orange Punch,4/21/2015,6.87
3361,Buddyella,Bowling Ball,4/11/2015,5.12
3363,Greentgro,Buzz Cola,4/18/2015,5.79
3364,Expeline,Krusty-Os,4/8/2015,8.77
3369,PattyFreezing,Slingshot,4/20/2015,9.33
3370,Bishinve,Snow Plow,4/16/2015,11.17
3372,Fernotele,Saxophone Reed,4/23/2015,7.75
3374,Bizarrestan,Squishee,4/27/2015,7.45
3375,Earthamackb,Saxophone Reed,4/16/2015,8.72
3377,Footballee,Devil Donut,4/27/2015,9.17
3378,Equancoat,Orange Punch,4/22/2015,9.87
3384,Portmare,Orange Punch,4/12/2015,12.55
3388,Gambitches,Bowling Ball,4/18/2015,9.97
3393,Ificoact,Buzz Cola,4/22/2015,8.55
3395,Funnynanome,Orange Punch,4/24/2015,7.88
3397,Angelstage,Orange Punch,4/26/2015,9.9
3401,Ronquak,Snow Plow,4/26/2015,10.57
3405,Farercashop,Pacifier,4/8/2015,7.71
3410,Deepnesca,Left-handed Scissors,4/2/2015,7.26
3411,Bingovence,Orange Punch,4/25/2015,9.34
3413,Goldenbrae,Hot Dog,4/12/2015,11.84
3414,Comiclengua,Buzz Cola,4/14/2015,12.9
3416,Perustima,Squishee,4/25/2015,7.76
3437,Alessata,Krusty-Os,4/29/2015,5.01
3442,Buddyella,Left-handed Scissors,4/4/2015,3.11
3445,FantasticMessages,Saxophone Reed,4/17/2015,10.77
3449,Meadomark,Flower Bouquet,4/9/2015,4.07
3455,AlphaRpg,Buzz Cola,4/12/2015,9.35
3456,Hubersi,Left-handed Scissors,4/1/2015,7.97
3472,Inktonu,Buzz Cola,4/10/2015,3.4
3478,Chiaritail,Left-handed Scissors,4/13/2015,11.41
3482,Ennectur,Devil Donut,4/23/2015,8.72
3488,Dickader,Almond Milk,4/19/2015,5.82
3498,Divisional,Saxophone Reed,4/19/2015,4.76
3502,BeHeadline,Left-handed Scissors,4/13/2015,4.01
3505,Hansgen,Saxophone Reed,4/24/2015,9.66
3506,Cardroug,Pacifier,4/14/2015,9.69
3518,Cognizant Technology Solutions,Flower Bouquet,4/3/2015,11.7
3519,Intincrospr,Left-handed Scissors,4/21/2015,10.1
3522,Hotsper,Pacifier,4/23/2015,5.72
3531,EnjoyUnow,Snow Plow,4/8/2015,12.54
3538,Ripplayer,Squishee,4/16/2015,11.01
3540,Gerystat,Buzz Cola,4/8/2015,12.97
3547,Crawlergy,Left-handed Scissors,4/29/2015,12.19
3550,DudeCakeGrabs,Orange Punch,4/18/2015,8.25
3566,Forsyncer,Squishee,4/30/2015,8.13
3572,CuriousStorm,Saxophone Reed,4/14/2015,7.86
3574,FantasyXoxox,Flower Bouquet,4/23/2015,9.51
3575,Papertica,Krusty-Os,4/29/2015,8.27
3579,Givandre,Flower Bouquet,4/15/2015,10.75
3582,DeckTruck,Orange Punch,4/23/2015,12.73
3589,BlondieYoga,Hot Dog,4/6/2015,4.04
3592,JunkyZest,Squishee,4/9/2015,9.74
3604,CzarCandyPool,Almond Milk,4/26/2015,6.41
3605,Prelaym,Barley,4/20/2015,6.33
3612,Emidsient,Saxophone Reed,4/18/2015,7.98
3614,Hubersi,Almond Milk,4/2/2015,6.85
3623,Guantownta,Pacifier,4/13/2015,11.32
3628,Doblanepm,Squishee,4/3/2015,3.01
3633,Crandivx,Barley,4/28/2015,3.72
3634,Mubarnet,Snow Plow,4/17/2015,11.92
3636,Farercashop,Almond Milk,4/3/2015,4.54
3637,Apenguinda,Squishee,4/8/2015,8.69
3638,Daranter,Hot Dog,4/29/2015,12.84
3643,Okcupercl,Pacifier,4/29/2015,8.71
3648,BrainyZollo,Flower Bouquet,4/16/2015,5.57
3649,Recipecide,Pacifier,4/19/2015,11.88
3650,Bridgec,Bowling Ball,4/5/2015,12.84
3660,Janionon,Barley,4/20/2015,9.15
3667,Reenaca,Squishee,4/9/2015,3.25
3668,CatHorray,Almond Milk,4/12/2015,9.38
3669,Eitelpali,Pacifier,4/7/2015,6.71
3678,Adminte,Pacifier,4/29/2015,4.29
3682,CheeseSunset,Squishee,4/22/2015,8.59
3683,Pooleachou,Left-handed Scissors,4/5/2015,7.2
3684,Lyndatage,Bowling Ball,4/20/2015,10.23
3686,ListHaro,Slingshot,4/12/2015,10.5
3690,Lentelty,Left-handed Scissors,4/15/2015,12.42
3691,Posamne,Almond Milk,4/13/2015,7.94
3697,HulkBlonde,Orange Punch,4/22/2015,9.85
3702,Chontron,Almond Milk,4/16/2015,12.2
3707,Perfectione,Devil Donut,4/30/2015,8.91
3711,GreyPlanet,Pacifier,4/28/2015,8.04
3720,GrabsWillows,Krusty-Os,4/25/2015,9.76
3733,IteTabloid,Buzz Cola,4/3/2015,8.55
3735,IcyEye,Buzz Cola,4/28/2015,12.95
3749,Intellba,Bowling Ball,4/1/2015,4.16
3755,JungPeakTrimble,Snow Plow,4/9/2015,3.36
3759,Donaldenes,Almond Milk,4/11/2015,12.73
3766,Besteres,Orange Punch,4/2/2015,11.29
3768,ChatSingFarer,Left-handed Scissors,4/18/2015,9.01
3778,Mesorock,Krusty-Os,4/4/2015,9.24
3781,NewscastKenka,Buzz Cola,4/4/2015,3.24
3783,ArsenalTalk,Saxophone Reed,4/22/2015,11.31
3788,Blikitbec,Almond Milk,4/10/2015,7.43
3790,HelpSweet,Saxophone Reed,4/9/2015,9.3
3791,Grouptu,Saxophone Reed,4/24/2015,3.37
3796,Staressa,Krusty-Os,4/15/2015,3.14
3799,Bizarrestan,Almond Milk,4/10/2015,7.08
3802,HeavenNarrative,Buzz Cola,4/3/2015,3.88
3811,Garnetter,Almond Milk,4/18/2015,10
3813,Firectored,Saxophone Reed,4/17/2015,11.72
3817,Mundelise,Almond Milk,4/15/2015,7.22
3818,Bloodiell,Slingshot,4/15/2015,12.91
3819,BugsSlayr,Squishee,4/27/2015,3.74
3823,Bleck,Pacifier,4/30/2015,5.81
3826,Insideally,Squishee,4/11/2015,3.19
3835,Bishinve,Left-handed Scissors,4/14/2015,12.58
3843,Anhartzimm,Orange Punch,4/12/2015,7.24
3846,NipZero,Left-handed Scissors,4/11/2015,5.02
3848,Famoustebl,Saxophone Reed,4/27/2015,8.67
3852,IteTabloid,Saxophone Reed,4/26/2015,9.74
3854,BingNumero,Buzz Cola,4/22/2015,7.51
3856,CuriousStorm,Hot Dog,4/30/2015,3.44
3858,Hytermat,Buzz Cola,4/8/2015,7.47
3861,KiddoAnhart,Devil Donut,4/28/2015,12.82
3864,Clownerli,Left-handed Scissors,4/19/2015,3.34
3871,LilCrown2free,Saxophone Reed,4/30/2015,11.03
3878,Bothybarosa,Slingshot,4/27/2015,3.38
3880,NumeroTroik,Almond Milk,4/2/2015,5.87
3883,ShadesMoto,Pacifier,4/11/2015,5.32
3885,Puppygman,Barley,4/26/2015,11.95
3886,Nediumpm,Krusty-Os,4/17/2015,5.12
3897,FantasticMessages,Squishee,4/15/2015,7.91
3899,Blognasona,Barley,4/30/2015,7.46
3900,Diaryptor,Pacifier,4/11/2015,4.14
3903,ActuallyGravity,Flower Bouquet,4/20/2015,7.92
3905,LogFly,Hot Dog,4/1/2015,3.69
3908,Pathours,Pacifier,4/5/2015,6.9
3910,Dickader,Saxophone Reed,4/5/2015,3.33
3913,IamBillHannah,Left-handed Scissors,4/30/2015,7.09
3914,Medyneph,Saxophone Reed,4/19/2015,6.42
3917,Crownettele,Saxophone Reed,4/23/2015,12.88
3919,Nozyforbox,Buzz Cola,4/17/2015,4.06
3922,Mubarnet,Saxophone Reed,4/28/2015,6.79
3927,Crawlerra,Devil Donut,4/24/2015,7.67
3928,PurpleShoes,Almond Milk,4/8/2015,3.17
3929,Optionic,Devil Donut,4/23/2015,3.99
3932,Glamouroy,Devil Donut,4/22/2015,12.41
3935,Finaldelu,Pacifier,4/24/2015,10.35
3938,Forsyncer,Snow Plow,4/10/2015,5.76
3940,Grouptu,Buzz Cola,4/20/2015,5.33
3944,Ennectur,Bowling Ball,4/11/2015,8.87
3949,ShadesMoto,Almond Milk,4/23/2015,12.94
3952,GinoWillows,Slingshot,4/13/2015,10.41
3960,Hytermat,Almond Milk,4/4/2015,11.34
3966,Genusting,Hot Dog,4/26/2015,9.68
3967,PartyGotInspiring,Buzz Cola,4/25/2015,12.2
3969,Sheerlism,Almond Milk,4/14/2015,3.48
3973,Momjudebi,Snow Plow,4/8/2015,10.5
3975,Givandre,Saxophone Reed,4/6/2015,3.39
3979,PurpleShoes,Almond Milk,4/20/2015,9.14
3981,ListHaro,Saxophone Reed,4/5/2015,11.71
3988,Apenguinda,Barley,4/24/2015,10.99
3989,Kalamicvi,Almond Milk,4/3/2015,3.52
3994,NotePuff,Saxophone Reed,4/24/2015,6.2
3999,ChonePitcher,Almond Milk,4/18/2015,4.47
4000,Anospeak,Squishee,4/19/2015,10.27
4002,Keeferr,Squishee,4/20/2015,7.07
4009,Phianatune,Hot Dog,4/1/2015,11.68
4010,Screenary,Orange Punch,4/11/2015,10.98
4012,EyesWaveWaka,Devil Donut,4/30/2015,11.5
4014,Promsdeo,Squishee,4/9/2015,12.61
4018,DudeCozy,Hot Dog,4/16/2015,8.44
4019,DressySweetie,Krusty-Os,4/14/2015,3.73
4020,Givandre,Barley,4/29/2015,6.19
4027,Bloggerer,Buzz Cola,4/4/2015,7.43
4029,RazuKenka,Bowling Ball,4/15/2015,7.08
4030,Bothybarosa,Snow Plow,4/20/2015,10
4033,Audivinq,Barley,4/2/2015,4.66
4039,Intincrospr,Flower Bouquet,4/1/2015,7.34
4040,Rainbower,Flower Bouquet,4/29/2015,5.17
4047,RonzUber,Devil Donut,4/6/2015,12.14
4055,Japanos,Left-handed Scissors,4/1/2015,10.39
4058,HellUpdate,Pacifier,4/5/2015,6.9
4061,Sheerlism,Almond Milk,4/27/2015,4.44
4067,MonBoost,Slingshot,4/23/2015,12.98
4069,Jobbcoqu,Squishee,4/7/2015,9.96
4071,Grouptics,Bowling Ball,4/6/2015,8.38
4075,JournalKnot,Snow Plow,4/26/2015,5.16
4081,Gambitches,Bowling Ball,4/12/2015,5.89
4083,Proudonnati,Almond Milk,4/21/2015,4.98
4084,MatterSimply,Barley,4/3/2015,9.63
4093,Cuficel,Almond Milk,4/26/2015,9.12
4094,Footballee,Buzz Cola,4/24/2015,4.37
4098,Bauhand,Orange Punch,4/5/2015,5.69
4099,FighterDiary,Left-handed Scissors,4/23/2015,12.22
4100,BrainyZollo,Bowling Ball,4/5/2015,5.15
4107,Mithelle,Squishee,4/2/2015,10.83
4113,Pinchrine,Left-handed Scissors,4/26/2015,5.12
4116,EdgyStunna,Barley,4/19/2015,5.49
4117,BauerCheese,Flower Bouquet,4/27/2015,3.26
4119,BlueDev,Krusty-Os,4/17/2015,6.32
4121,Pariserlo,Left-handed Scissors,4/27/2015,7.66
4130,HelpSweet,Squishee,4/6/2015,8.15
4131,Hubersi,Saxophone Reed,4/3/2015,8.38
4133,BlueDev,Almond Milk,4/9/2015,7.19
4135,NekoAngelic,Bowling Ball,4/11/2015,11.44
4149,HulkBlonde,Slingshot,4/11/2015,9.95
4155,Optionic,Saxophone Reed,4/30/2015,12.33
4169,AboveRosa,Squishee,4/8/2015,5.67
4172,Prestigeye,Devil Donut,4/6/2015,12.27
4177,CzarCandyPool,Almond Milk,4/6/2015,11.27
4181,GoldTarget,Left-handed Scissors,4/4/2015,11.44
4182,Nanosill,Saxophone Reed,4/16/2015,8.4
4185,Docunche,Snow Plow,4/2/2015,8.03
4194,Latinament,Devil Donut,4/5/2015,9.74
4204,PattyFreezing,Barley,4/26/2015,10.12
4210,Ificoact,Slingshot,4/30/2015,3.59
4211,MurphyFan,Barley,4/13/2015,4.19
4219,Kalamicvi,Bowling Ball,4/24/2015,10.66
4225,Alcheri,Orange Punch,4/18/2015,6.17
4233,PurpleShoes,Snow Plow,4/14/2015,10.02
4236,Slayerptig,Slingshot,4/6/2015,6.39
4241,Perustima,Flower Bouquet,4/28/2015,5.19
4243,Conspiracy,Barley,4/20/2015,12.04
4248,Enlisher,Orange Punch,4/3/2015,12.35
4252,KiddoAnhart,Saxophone Reed,4/13/2015,12.7
4255,Hanglober,Buzz Cola,4/15/2015,12.83
4257,Forsyncer,Hot Dog,4/10/2015,5.35
4258,GoldTarget,Almond Milk,4/6/2015,10.4
4263,Chicatrisv,Pacifier,4/14/2015,8.74
4270,Lithornet,Saxophone Reed,4/27/2015,5.02
4271,salesforce.com,Flower Bouquet,4/1/2015,10.51
4273,Eapperpl,Devil Donut,4/28/2015,4.14
4279,Latinament,Saxophone Reed,4/27/2015,3.48
4280,DeckTruck,Devil Donut,4/15/2015,8.17
4290,ExpertWitch,Saxophone Reed,4/24/2015,11.17
4297,BauerCheese,Flower Bouquet,4/18/2015,7.89
4301,Bloodiell,Saxophone Reed,4/30/2015,10.08
4309,ListHaro,Barley,4/10/2015,5.41
4314,AnnouncerNephew,Snow Plow,4/14/2015,5.02
4318,Precing,Slingshot,4/17/2015,9.25
4320,MurphyFan,Barley,4/22/2015,4.63
4325,BrainyZollo,Slingshot,4/10/2015,11.19
4333,Estarch,Orange Punch,4/3/2015,4.38
4340,Intellba,Krusty-Os,4/15/2015,10.11
4349,Sheerlism,Snow Plow,4/17/2015,6.51
4350,Genusting,Flower Bouquet,4/17/2015,4.3
4367,Grouptu,Saxophone Reed,4/2/2015,5.43
4370,Diaryptor,Snow Plow,4/17/2015,11.74
4375,Indileon,Bowling Ball,4/4/2015,4.61
4376,CrazyNumBrace,Flower Bouquet,4/26/2015,6.53
4398,PodFang,Orange Punch,4/13/2015,8.16
4400,Hytermat,Left-handed Scissors,4/20/2015,3.61
4402,Formerva,Saxophone Reed,4/7/2015,7.39
4403,Hansgen,Krusty-Os,4/7/2015,11.66
4404,Caperlexe,Left-handed Scissors,4/22/2015,5.84
4406,Sheerlism,Left-handed Scissors,4/28/2015,3.73
4410,MyheroCurious,Krusty-Os,4/17/2015,7.74
4412,Nationtr,Krusty-Os,4/1/2015,4.95
4416,Bevectican,Hot Dog,4/4/2015,7.73
4420,Hjaltinre,Almond Milk,4/16/2015,7.27
4421,Clownerli,Squishee,4/13/2015,3.14
4426,Fallsbergen,Almond Milk,4/23/2015,6.72
4427,Divisional,Flower Bouquet,4/17/2015,6.04
4428,Seepanethor,Hot Dog,4/2/2015,9.6
4430,Audivinq,Snow Plow,4/14/2015,7.72
4436,ListHaro,Left-handed Scissors,4/4/2015,5.6
4437,IteTabloid,Left-handed Scissors,4/12/2015,3.78
4442,Lyndatage,Hot Dog,4/18/2015,7.38
4451,Inventilit,Flower Bouquet,4/27/2015,10.8
4452,Precappl,Left-handed Scissors,4/14/2015,11.55
4455,Lutechax,Pacifier,4/12/2015,4.94
4462,GossipNight,Almond Milk,4/23/2015,9.69
4464,Lineadyne,Slingshot,4/11/2015,7.54
4467,BoaFairy,Orange Punch,4/8/2015,8.21
4473,AttractiveSizzlin,Flower Bouquet,4/20/2015,10.54
4475,Dualcrewa,Flower Bouquet,4/24/2015,12.34
4477,AshKlugFluent,Krusty-Os,4/22/2015,9.6
4483,MatterSimply,Hot Dog,4/20/2015,6.13
4484,HeraldEye,Barley,4/15/2015,5.26
4486,CaptainBill,Buzz Cola,4/2/2015,7.27
4491,Bedsoft,Devil Donut,4/18/2015,4.18
4493,Ificoact,Squishee,4/27/2015,12.15
4494,Holyncepha,Hot Dog,4/3/2015,5.37
4497,NotBase,Bowling Ball,4/29/2015,9.35
4498,NozyGiga,Snow Plow,4/8/2015,7.69
4501,Portmare,Saxophone Reed,4/23/2015,11.55
4502,Nordimi,Buzz Cola,4/22/2015,9.8
4512,Clownwean,Saxophone Reed,4/11/2015,10.37
4514,Lineadyne,Saxophone Reed,4/28/2015,8.39
4516,Sheerlism,Flower Bouquet,4/28/2015,12.23
4517,Pathbaud,Devil Donut,4/14/2015,4.66
4518,GreyPlanet,Squishee,4/14/2015,10.68
4520,Intellba,Krusty-Os,4/15/2015,11.54
4533,BearDigestAir,Barley,4/22/2015,11.79
4536,NearlyAce,Devil Donut,4/6/2015,12.95
4539,Ripplayer,Squishee,4/29/2015,9.01
4541,Mithelle,Barley,4/14/2015,5.3
4546,Rock4me,Snow Plow,4/27/2015,12.28
4548,Pistarynx,Barley,4/19/2015,6.59
4551,Audivinq,Snow Plow,4/23/2015,7.77
4560,DeckTruck,Devil Donut,4/26/2015,5.67
4566,HeheBraceFizz,Hot Dog,4/12/2015,8.17
4567,Candwire,Squishee,4/20/2015,11.08
4568,DoggIntincr,Buzz Cola,4/15/2015,11.58
4570,DudeCozy,Squishee,4/9/2015,3.37
4572,NotePuff,Snow Plow,4/25/2015,10.33
4574,ForlifeDream,Squishee,4/26/2015,8.69
4588,Firstrous,Pacifier,4/14/2015,7.19
4593,Chestium,Squishee,4/7/2015,10.8
4599,GossipNight,Pacifier,4/29/2015,4.5
4603,Networker,Krusty-Os,4/18/2015,6.44
4608,Goldencero,Pacifier,4/10/2015,12.73
4614,CuriousStorm,Flower Bouquet,4/2/2015,8.09
4622,NoticeSports,Hot Dog,4/6/2015,9.8
4624,GoldCrayon,Squishee,4/6/2015,4.68
4629,Emachere,Orange Punch,4/27/2015,3.04
4632,Lentelty,Slingshot,4/15/2015,6.49
4639,Greentgro,Snow Plow,4/2/2015,8.88
4645,Acme,Hot Dog,4/24/2015,3.83
4646,PiercePeach,Snow Plow,4/28/2015,9.73
4648,SnoopyTimes,Left-handed Scissors,4/22/2015,3.16
4651,Phiatechma,Left-handed Scissors,4/6/2015,3.51
4652,Careampa,Saxophone Reed,4/15/2015,3.5
4657,Citythr,Saxophone Reed,4/9/2015,7.44
4658,Mmershpo,Krusty-Os,4/18/2015,11.94
4663,Connenetti,Krusty-Os,4/21/2015,3.6
4664,Authorksto,Hot Dog,4/12/2015,11.37
4666,BiggExotic,Hot Dog,4/25/2015,3.77
4667,FoxLipsx,Flower Bouquet,4/26/2015,9.86
4690,Firectored,Almond Milk,4/18/2015,7.2
4691,Bingovence,Saxophone Reed,4/24/2015,9.2
4692,LuvBleak,Almond Milk,4/2/2015,12.84
4694,Namedstore,Left-handed Scissors,4/10/2015,5.46
4698,Docunche,Buzz Cola,4/23/2015,7.14
4699,Rushtumm,Pacifier,4/1/2015,10.16
4703,DudeCozy,Left-handed Scissors,4/7/2015,10.6
4704,Guantownta,Buzz Cola,4/20/2015,4.64
4707,Candwire,Snow Plow,4/10/2015,5.67
4711,DudeCakeGrabs,Pacifier,4/13/2015,7.17
4712,PurpleShoes,Slingshot,4/17/2015,5.13
4723,GloryPsychBuddy,Flower Bouquet,4/18/2015,7.76
4725,Enerpeop,Barley,4/20/2015,11.42
4726,AboutWise,Devil Donut,4/10/2015,5.28
4730,Daysseedia,Squishee,4/26/2015,11.09
4732,Divisional,Squishee,4/19/2015,8.7
4733,InvaderRoll,Devil Donut,4/17/2015,12.19
4735,Eurinewh,Krusty-Os,4/2/2015,11.6
4737,CrazyNumBrace,Saxophone Reed,4/15/2015,9.36
4740,Lodingee,Buzz Cola,4/2/2015,12.16
4745,Muddlembler,Devil Donut,4/12/2015,8.81
4749,Rock4me,Barley,4/27/2015,5.59
4750,Formerva,Left-handed Scissors,4/2/2015,6.1
4769,Propence,Saxophone Reed,4/20/2015,7.71
4770,ChiAra,Buzz Cola,4/20/2015,10.2
4773,Sigands,Orange Punch,4/10/2015,7.7
4781,Screenary,Snow Plow,4/5/2015,11.22
4783,Indileon,Bowling Ball,4/15/2015,5.26
4788,Greentgro,Flower Bouquet,4/17/2015,11.16
4790,Muddlembler,Almond Milk,4/12/2015,9.16
4794,Pyranka,Barley,4/19/2015,7.93
4801,Nediumpm,Squishee,4/4/2015,10.45
4802,Janionon,Orange Punch,4/30/2015,9.12
4803,LaxrWord,Snow Plow,4/27/2015,4.1
4808,Eurinewh,Almond Milk,4/4/2015,11.77
4809,GuyPhia,Hot Dog,4/24/2015,9.9
4810,HenryGhoul,Hot Dog,4/4/2015,4
4818,Lodingee,Pacifier,4/19/2015,11.17
4826,NearlyAce,Orange Punch,4/14/2015,6.43
4829,Mundelise,Almond Milk,4/28/2015,6.78
4833,Bridgec,Saxophone Reed,4/4/2015,11.84
4835,Outsourif,Left-handed Scissors,4/18/2015,10.92
4840,Gerrics,Pacifier,4/2/2015,9.21
4848,Perfeho,Snow Plow,4/15/2015,9.39
4851,NekoAngelic,Devil Donut,4/1/2015,5.28
4853,Precappl,Bowling Ball,4/8/2015,12.5
4854,Euphartn,Bowling Ball,4/25/2015,5.25
4862,Guantownta,Slingshot,4/28/2015,8.59
4863,Rushtumm,Orange Punch,4/16/2015,12.28
4865,Grundyneti,Almond Milk,4/1/2015,12.83
4867,Hartlinkel,Krusty-Os,4/27/2015,9.6
4868,Daranter,Bowling Ball,4/30/2015,10.57
4871,Countryboat,Krusty-Os,4/17/2015,11.99
4878,DudeCakeGrabs,Almond Milk,4/29/2015,4.79
4882,Blesselud,Krusty-Os,4/1/2015,5.34
4892,Enerpeop,Snow Plow,4/16/2015,12.66
4893,AlphaRpg,Saxophone Reed,4/17/2015,8.63
4894,PartyRoachMessage,Slingshot,4/19/2015,8.47
4895,LuvBleak,Barley,4/29/2015,3.38
4906,Nanosill,Snow Plow,4/2/2015,5.69
4909,Rainbower,Snow Plow,4/24/2015,7.55
4919,JungPeakTrimble,Snow Plow,4/18/2015,6.72
4923,BauerCheese,Krusty-Os,4/28/2015,12.61
4938,Global Media,Orange Punch,4/4/2015,4.7
4940,Masonomou,Flower Bouquet,4/1/2015,10.11
4944,Rincent,Krusty-Os,4/1/2015,5.6
4956,Crownettele,Snow Plow,4/7/2015,9.37
4964,Divisional,Saxophone Reed,4/9/2015,7.93
4968,PlaySnoop,Pacifier,4/10/2015,5.2
4971,DayWishFear,Orange Punch,4/9/2015,8
4972,Crownettele,Barley,4/22/2015,6.59
4974,BeHeadline,Saxophone Reed,4/19/2015,4.91
4976,Palecto,Buzz Cola,4/9/2015,4.59
4980,AboveRosa,Devil Donut,4/16/2015,5.87
4982,Doblanepm,Snow Plow,4/23/2015,7.85
4989,Lithornet,Snow Plow,4/12/2015,11.22
5000,Pariserlo,Flower Bouquet,4/20/2015,4.83
5001,Buddyanaphe,Saxophone Reed,1/14/2016,3.18
5002,Promsdeo,Squishee,1/13/2016,10.52
5003,GuyPhia,Hot Dog,1/13/2016,12.84
5004,Dolockar,Pacifier,1/10/2016,6.52
5005,Perustima,Almond Milk,1/31/2016,19.8
5006,Earthamackb,Flower Bouquet,1/23/2016,22.5
5007,Shoesasiane,Krusty-Os,1/6/2016,16.5
5008,Kittindol,Squishee,1/21/2016,19.06
5009,HellUpdate,Saxophone Reed,1/18/2016,19.44
5010,Gladples,Left-handed Scissors,1/29/2016,16.28
5011,HelloGrand,Slingshot,1/21/2016,21.42
5012,Mmershpo,Devil Donut,1/15/2016,19.3
5013,IteTabloid,Krusty-Os,1/1/2016,21
5014,HanShort,Krusty-Os,1/16/2016,11.6
5015,Pariserlo,Krusty-Os,1/29/2016,25.26
5016,Puppygman,Snow Plow,1/8/2016,11.34
5017,Bullowerre,Almond Milk,1/20/2016,9
5018,Grouptu,Krusty-Os,1/23/2016,20.7
5019,BugsSlayr,Snow Plow,1/7/2016,16.64
5020,Advenopy,Buzz Cola,1/18/2016,15.56
5021,Reportsur,Flower Bouquet,1/8/2016,23.12
5022,Cuficel,Devil Donut,1/3/2016,14.28
5023,NumeroTroik,Squishee,1/6/2016,8.9
5024,PrestigeGlossy,Flower Bouquet,1/24/2016,25.68
5025,Portmare,Orange Punch,1/6/2016,13.68
5026,InloveDiary,Saxophone Reed,1/9/2016,25.86
5027,Anhartzimm,Squishee,1/16/2016,12.16
5028,Latinament,Almond Milk,1/28/2016,19.14
5029,Equancoat,Saxophone Reed,1/23/2016,7.16
5030,Diaryptor,Slingshot,1/2/2016,21.94
5031,Enzapper,Flower Bouquet,1/3/2016,14.46
5032,Selverac,Barley,1/7/2016,21.34
5033,Proudonnati,Bowling Ball,1/20/2016,15.04
5034,Global Media,Bowling Ball,1/12/2016,11.62
5035,BingCheerup,Saxophone Reed,1/24/2016,18.76
5036,IamBillHannah,Bowling Ball,1/19/2016,13.08
5037,CleverSimple,Krusty-Os,1/30/2016,24.68
5038,Bauhand,Barley,1/12/2016,22.12
5039,NotBase,Hot Dog,1/8/2016,23.16
5040,Screenary,Saxophone Reed,1/3/2016,18.26
5041,Okcupercl,Hot Dog,1/20/2016,14.68
5042,Quintin,Almond Milk,1/20/2016,8.1
5043,Awareceleve,Snow Plow,1/4/2016,13.76
5044,GinoWillows,Buzz Cola,1/26/2016,7.54
5045,LuvBleak,Barley,1/11/2016,21.08
5046,Bedsoft,Flower Bouquet,1/1/2016,9.18
5047,HulkBlonde,Almond Milk,1/12/2016,6.64
5048,Mithelle,Krusty-Os,1/26/2016,15.44
5049,MagazineMercy,Almond Milk,1/26/2016,21.36
5050,Palecto,Devil Donut,1/15/2016,17.9
5051,Hopercomni,Flower Bouquet,1/22/2016,22.82
5052,Bozicalyste,Slingshot,1/28/2016,17.14
5053,Dailiesol,Orange Punch,1/20/2016,13.68
5054,BlogVod,Bowling Ball,1/19/2016,19.78
5055,EyesWaveWaka,Buzz Cola,1/12/2016,22.02
5056,GoldCrayon,Saxophone Reed,1/29/2016,7.92
5057,HulkBlonde,Devil Donut,1/1/2016,11.58
5058,Pistarynx,Orange Punch,1/2/2016,18.66
5059,Dickader,Buzz Cola,1/6/2016,19.94
5060,FantasyXoxox,Slingshot,1/30/2016,22.82
5061,Cochinger,Orange Punch,1/10/2016,11.64
5062,Japanos,Orange Punch,1/22/2016,9.52
5063,Daranter,Pacifier,1/28/2016,25.94
5064,ForlifeLittle,Slingshot,1/4/2016,24.38
5065,Hopebbield,Barley,1/3/2016,8.08
5066,Holyncepha,Slingshot,1/24/2016,13.7
5067,Dustpla,Squishee,1/6/2016,22.64
5068,Careampa,Flower Bouquet,1/13/2016,6.02
5069,AboutWise,Hot Dog,1/13/2016,17.18
5070,BauerPure,Almond Milk,1/14/2016,19.7
5071,Buddyella,Snow Plow,1/1/2016,24.4
5072,Funkimagia,Barley,1/19/2016,17.82
5073,Gambitches,Devil Donut,1/8/2016,25.46
5074,Feistybera,Buzz Cola,1/20/2016,18.02
5075,Deepnesca,Almond Milk,1/14/2016,14.86
5076,Forsyncer,Left-handed Scissors,1/29/2016,18.6
5077,RatWitchHott,Slingshot,1/27/2016,6.28
5078,ChonePitcher,Krusty-Os,1/2/2016,14.16
5079,Mundelise,Squishee,1/1/2016,23.44
5080,BugsSlayr,Krusty-Os,1/25/2016,15.02
5081,FixEver,Orange Punch,1/14/2016,6.68
5082,Ensererry,Bowling Ball,1/13/2016,11.74
5083,Melchuran,Saxophone Reed,1/24/2016,10.24
5084,Ificoact,Squishee,1/2/2016,7.38
5085,Mazdobatu,Buzz Cola,1/8/2016,13.8
5086,Reportsur,Buzz Cola,1/23/2016,12.84
5087,Eapperpl,Bowling Ball,1/23/2016,8.12
5088,ArsenalKino,Orange Punch,1/17/2016,24.82
5089,Anospeak,Slingshot,1/19/2016,6.78
5090,HelloGrand,Pacifier,1/14/2016,18.28
5091,Daysseedia,Left-handed Scissors,1/20/2016,20.54
5092,Lacegere,Barley,1/8/2016,23
5093,Donaldenes,Bowling Ball,1/29/2016,12.38
5094,Mediantam,Squishee,1/10/2016,14.86
5095,Parkettsto,Devil Donut,1/10/2016,20
5096,IanInspiring,Hot Dog,1/30/2016,10.34
5097,LogFly,Buzz Cola,1/22/2016,19.26
5098,Cardroug,Bowling Ball,1/21/2016,12.64
5099,Precappl,Left-handed Scissors,1/19/2016,24.66
5100,HulkDiagonal,Krusty-Os,1/28/2016,22.88
5101,Alessata,Slingshot,1/30/2016,16.06
5102,Burdtaxw,Pacifier,1/24/2016,12.78
5103,Flakergo,Bowling Ball,1/6/2016,25.4
5104,Eurinewh,Flower Bouquet,1/16/2016,10.04
5105,BoaFairy,Saxophone Reed,1/18/2016,21.02
5106,Enerpeop,Devil Donut,1/19/2016,6.96
5107,Lutechax,Hot Dog,1/9/2016,8.76
5108,Bizarrevces,Bowling Ball,1/15/2016,13.02
5109,Cochinger,Krusty-Os,1/23/2016,8.6
5110,Boxwoodet,Pacifier,1/30/2016,10.86
5111,Pathbaud,Flower Bouquet,1/18/2016,23.48
5112,GossipNight,Buzz Cola,1/8/2016,9.22
5113,KaptainHerald,Snow Plow,1/5/2016,7.46
5114,CatHorray,Barley,1/28/2016,11.2
5115,Remedios,Bowling Ball,1/28/2016,21.6
5116,AboveRosa,Slingshot,1/13/2016,19.38
5117,MagazineMercy,Squishee,1/6/2016,19.2
5118,Eitelpali,Snow Plow,1/6/2016,10.74
5119,HeheBraceFizz,Pacifier,1/13/2016,19.6
5120,RatWitchHott,Slingshot,1/4/2016,20.74
5121,Gamedirsil,Saxophone Reed,1/30/2016,16.78
5122,HeavenNarrative,Almond Milk,1/4/2016,25.9
5123,Saiyanetho,Left-handed Scissors,1/11/2016,18.02
5124,LatestPeach,Saxophone Reed,1/10/2016,24.56
5125,CleverSimple,Devil Donut,1/13/2016,13.18
5126,Hotsper,Devil Donut,1/23/2016,15.54
5127,Boardam,Left-handed Scissors,1/21/2016,9
5128,Nanosill,Flower Bouquet,1/7/2016,16.18
5129,Bingovence,Buzz Cola,1/27/2016,17.76
5130,Slayerptig,Almond Milk,1/4/2016,7.02
5131,AshKlugFluent,Devil Donut,1/17/2016,14.88
5132,Oneareratec,Barley,1/7/2016,7.2
5133,Gamedirsil,Devil Donut,1/26/2016,17.4
5134,Mubarnet,Squishee,1/25/2016,24.38
5135,Legendehic,Pacifier,1/24/2016,24.32
5136,Ollynden,Devil Donut,1/8/2016,22.44
5137,EyesWaveWaka,Orange Punch,1/26/2016,22.32
5138,Pyranka,Left-handed Scissors,1/8/2016,18.32
5139,Bradeluxie,Devil Donut,1/24/2016,15.86
5140,Choicance,Hot Dog,1/5/2016,19.8
5141,Bedsoft,Left-handed Scissors,1/16/2016,12.86
5142,Angelstage,Krusty-Os,1/2/2016,23.68
5143,Logiclynn,Pacifier,1/23/2016,18.42
5144,Bryankpi,Bowling Ball,1/6/2016,25.66
5145,Intincrol,Bowling Ball,1/31/2016,21.14
5146,NumeroTroik,Barley,1/10/2016,13.44
5147,Communique,Squishee,1/30/2016,9.4
5148,Mmershpo,Krusty-Os,1/8/2016,10.4
5149,Boardam,Flower Bouquet,1/26/2016,22.44
5150,Mintaliers,Almond Milk,1/6/2016,5.1
5151,ForlifeLittle,Left-handed Scissors,1/10/2016,7.68
5152,Okcupercl,Squishee,1/5/2016,6.41
5153,HanShort,Snow Plow,1/12/2016,11.5
5154,FighterDiary,Flower Bouquet,1/7/2016,12.32
5155,PurpleShoes,Slingshot,1/29/2016,7.47
5156,Prophecyst,Hot Dog,1/24/2016,5.17
5157,GreyPlanet,Left-handed Scissors,1/22/2016,7.79
5158,Palecto,Saxophone Reed,1/19/2016,9.95
5159,Dolockar,Flower Bouquet,1/8/2016,6.89
5160,Maxieldse,Left-handed Scissors,1/15/2016,10.96
5161,AutLess,Buzz Cola,1/3/2016,6.4
5162,SnoopyTimes,Left-handed Scissors,1/6/2016,4.32
5163,CuriousStorm,Saxophone Reed,1/23/2016,7.93
5164,Muddlembler,Barley,1/30/2016,6.38
5165,BristleSell,Bowling Ball,1/14/2016,8.69
5166,BugsSlayr,Krusty-Os,1/4/2016,3.73
5167,FootballNot,Krusty-Os,1/20/2016,12.37
5168,Fangossen,Left-handed Scissors,1/14/2016,3.42
5169,Buckete,Snow Plow,1/10/2016,8.94
5170,Cuficel,Slingshot,1/15/2016,11
5171,Remedios,Hot Dog,1/12/2016,11.39
5172,BlogVod,Flower Bouquet,1/15/2016,10.71
5173,ShowHead,Hot Dog,1/11/2016,11.85
5174,Bevectican,Snow Plow,1/27/2016,7.47
5175,Promsdeo,Saxophone Reed,1/26/2016,4.33
5176,Guantorona,Left-handed Scissors,1/17/2016,5.06
5177,ChonePitcher,Krusty-Os,1/1/2016,6.67
5178,Chilledet,Left-handed Scissors,1/21/2016,5.87
5179,Apenguinda,Krusty-Os,1/15/2016,7.56
5180,GurlyJinPersonal,Bowling Ball,1/16/2016,3.36
5181,Grouptu,Bowling Ball,1/19/2016,3.26
5182,GrabsWillows,Devil Donut,1/13/2016,10.46
5183,Insideret,Krusty-Os,1/25/2016,11.32
5184,Hectakent,Pacifier,1/4/2016,3.29
5185,HeraldEye,Pacifier,1/23/2016,6.2
5186,KiddoAnhart,Left-handed Scissors,1/24/2016,12.82
5187,ChellTown,Barley,1/9/2016,8.7
5188,GoldCrayon,Bowling Ball,1/18/2016,4.89
5189,FantasyXoxox,Orange Punch,1/19/2016,3.18
5190,PrimeEye,Left-handed Scissors,1/31/2016,3.97
5191,HelloGrand,Buzz Cola,1/11/2016,7.59
5192,ArsenalTalk,Bowling Ball,1/4/2016,4.4
5193,Ollynden,Barley,1/18/2016,7.73
5194,PartyGotInspiring,Slingshot,1/15/2016,7.19
5195,Animorror,Barley,1/20/2016,7.29
5196,Pooleachou,Pacifier,1/1/2016,9.13
5197,Enturis,Saxophone Reed,1/7/2016,6.74
5198,HomeySchool,Almond Milk,1/16/2016,12.88
5199,BuffyArsenal,Hot Dog,1/15/2016,8.18
5200,Mdogglectus,Hot Dog,1/27/2016,11.03
5201,Lacegere,Snow Plow,1/22/2016,8.5
5202,Shualich,Krusty-Os,1/6/2016,3.04
5203,Heaticel,Flower Bouquet,1/17/2016,4.42
5204,PartyGotInspiring,Barley,1/1/2016,3.64
5205,PopularTwinkle,Almond Milk,1/23/2016,10.47
5206,Lacegere,Almond Milk,1/12/2016,9.71
5207,HeavenNarrative,Pacifier,1/10/2016,8.47
5208,JimForlife,Almond Milk,1/11/2016,10.74
5209,HanShort,Bowling Ball,1/8/2016,8.72
5210,NoticeSports,Squishee,1/21/2016,4.43
5211,Posamne,Almond Milk,1/10/2016,3.51
5212,Enlisher,Buzz Cola,1/16/2016,3.41
5213,ArsenalTalk,Hot Dog,1/27/2016,9.85
5214,Inaching,Left-handed Scissors,1/27/2016,11.11
5215,Deepnesca,Buzz Cola,1/31/2016,9.05
5216,ListHaro,Pacifier,1/27/2016,12.87
5217,Adsmanda,Flower Bouquet,1/28/2016,4.99
5218,BuffyArsenal,Barley,1/28/2016,6.95
5219,DeckTruck,Barley,1/4/2016,6.28
5220,Nepheworma,Flower Bouquet,1/9/2016,5.31
5221,Pathours,Orange Punch,1/30/2016,4.96
5222,Fangossen,Devil Donut,1/20/2016,12.87
5223,InloveDiary,Saxophone Reed,1/17/2016,11.83
5224,HeheBraceFizz,Almond Milk,1/19/2016,6.34
5225,Docunche,Left-handed Scissors,1/31/2016,3.74
5226,GurlyJinPersonal,Snow Plow,1/8/2016,5.1
5227,Firstrous,Devil Donut,1/29/2016,3.92
5228,MatrixAmerica,Buzz Cola,1/1/2016,6.42
5229,Kenkatani,Devil Donut,1/12/2016,11.64
5230,Farercashop,Hot Dog,1/9/2016,3.1
5231,Nozyforbox,Buzz Cola,1/29/2016,11.96
5232,Footballee,Saxophone Reed,1/24/2016,7.82
5233,Momjudebi,Saxophone Reed,1/20/2016,3.66
5234,Papertica,Barley,1/17/2016,9.8
5235,Acme,Orange Punch,1/19/2016,4.91
5236,NumeroTroik,Buzz Cola,1/1/2016,5.34
5237,Careampa,Slingshot,1/26/2016,10.81
5238,Outsourif,Bowling Ball,1/26/2016,11.65
5239,Eapperpl,Almond Milk,1/5/2016,7.14
5240,Chontron,Buzz Cola,1/28/2016,4.73
5241,HulkDiagonal,Hot Dog,1/16/2016,4.57
5242,Boardam,Saxophone Reed,1/6/2016,6.1
5243,Mdogglectus,Almond Milk,1/8/2016,6.08
5244,Gambitches,Orange Punch,1/21/2016,11.03
5245,BauerPure,Buzz Cola,1/22/2016,8.06
5246,Advenopy,Flower Bouquet,1/14/2016,11.9
5247,PlaySnoop,Orange Punch,1/12/2016,3.75
5248,Stargalta,Bowling Ball,1/29/2016,7.84
5249,Dolockar,Orange Punch,1/4/2016,5.4
5250,Bothybarosa,Krusty-Os,1/15/2016,11.07
5251,Prophecyst,Barley,1/19/2016,11.59
5252,HeavenNarrative,Pacifier,1/30/2016,4
5253,ExpertWitch,Slingshot,1/29/2016,6.9
5254,Papertica,Hot Dog,1/8/2016,12.51
5255,Recipecide,Devil Donut,1/20/2016,3.04
5256,PlentyBago,Hot Dog,1/15/2016,11.57
5257,Razualyser,Saxophone Reed,1/31/2016,3.62
5258,Gerystat,Orange Punch,1/4/2016,12.05
5259,ChiriShabby,Bowling Ball,1/5/2016,9.26
5260,BristleSell,Almond Milk,1/28/2016,4.28
5261,Bloodiell,Pacifier,1/28/2016,3.37
5262,Ronquak,Almond Milk,1/14/2016,10.44
5263,Headlines,Devil Donut,1/4/2016,10.66
5264,Clownwean,Squishee,1/10/2016,12.51
5265,Devonalchem,Bowling Ball,1/19/2016,5.25
5266,PurpleShoes,Krusty-Os,1/2/2016,7.72
5267,BugsSlayr,Bowling Ball,1/28/2016,11.1
5268,Dickader,Barley,1/10/2016,6.51
5269,Hippopton,Devil Donut,1/27/2016,7.82
5270,Optionic,Bowling Ball,1/11/2016,12.19
5271,AttractiveSizzlin,Snow Plow,1/5/2016,12.66
5272,Cyberione,Krusty-Os,1/1/2016,4.27
5273,Kinguebi,Left-handed Scissors,1/17/2016,7.44
5274,PurpleShoes,Barley,1/28/2016,10.8
5275,FreexCasual,Snow Plow,1/6/2016,5.92
5276,Cellisti,Buzz Cola,1/10/2016,5.99
5277,DoubleTen,Squishee,1/25/2016,5.92
5278,2cuterreenp,Flower Bouquet,1/17/2016,6.05
5279,Flakergo,Buzz Cola,1/10/2016,12.52
5280,GoldCrayon,Bowling Ball,1/15/2016,4.48
5281,MonBoost,Barley,1/25/2016,10.9
5282,BizarrePinch,Orange Punch,1/23/2016,3.09
5283,Careampa,Almond Milk,1/7/2016,4.63
5284,Finaldelu,Slingshot,1/16/2016,3.82
5285,Kampenta,Almond Milk,1/20/2016,11.71
5286,Mesorock,Snow Plow,1/25/2016,3.84
5287,Boxwoodet,Left-handed Scissors,1/4/2016,9.02
5288,Fallsbergen,Saxophone Reed,1/2/2016,12.42
5289,Buddyanaphe,Buzz Cola,1/15/2016,12.01
5290,Meadomark,Flower Bouquet,1/11/2016,10.1
5291,MyheroCurious,Snow Plow,1/1/2016,8.67
5292,BoaFairy,Hot Dog,1/28/2016,5.82
5293,MundeLogicLittle,Buzz Cola,1/6/2016,9.4
5294,BurntFear,Buzz Cola,1/24/2016,4.33
5295,Fallstaciom,Devil Donut,1/7/2016,12.5
5296,ApenguinInca,Bowling Ball,1/29/2016,10.35
5297,BugsSlayr,Pacifier,1/13/2016,6.25
5298,Donaldenes,Slingshot,1/1/2016,11.8
5299,Grouptics,Hot Dog,1/29/2016,6.83
5300,Acme,Flower Bouquet,1/6/2016,3.75
5301,Cyberione,Squishee,1/14/2016,7.87
5302,Nioneenf,Pacifier,1/28/2016,4.19
5303,Jobbcoqu,Bowling Ball,1/24/2016,7.37
5304,MinyOlympic,Left-handed Scissors,1/21/2016,10.38
5305,RatWitchHott,Almond Milk,1/2/2016,9.65
5306,Seepanethor,Buzz Cola,1/21/2016,7.51
5307,NeoSing,Buzz Cola,1/12/2016,9.2
5308,Clericmat,Almond Milk,1/27/2016,12.12
5309,Chicatrisv,Pacifier,1/20/2016,9
5310,Audivinq,Bowling Ball,1/4/2016,10.43
5311,Guantorona,Hot Dog,1/6/2016,9.98
5312,Maxieldse,Krusty-Os,1/19/2016,12.88
5313,Meadomark,Left-handed Scissors,1/8/2016,6.62
5314,Sigands,Saxophone Reed,1/29/2016,5.91
5315,Bulletinte,Slingshot,1/5/2016,7.73
5316,Eapperpl,Pacifier,1/9/2016,9.08
5317,Hopebbield,Krusty-Os,1/31/2016,6.1
5318,Greentgro,Left-handed Scissors,1/1/2016,4.97
5319,HelloGrand,Buzz Cola,1/14/2016,7.72
5320,Insideret,Krusty-Os,1/7/2016,9.97
5321,Gamedirsil,Hot Dog,1/25/2016,4.29
5322,HellUpdate,Devil Donut,1/24/2016,8.35
5323,Crawlergy,Snow Plow,1/31/2016,7.66
5324,Docunche,Slingshot,1/12/2016,3.36
5325,Eurinewh,Pacifier,1/4/2016,12.66
5326,Poshytess,Slingshot,1/3/2016,7.93
5327,Cyberione,Saxophone Reed,1/8/2016,11.72
5328,JunkyZest,Buzz Cola,1/24/2016,6.31
5329,Intendscr,Slingshot,1/10/2016,4.08
5330,BrainyZollo,Krusty-Os,1/30/2016,12.01
5331,Melchuran,Squishee,1/18/2016,7.61
5332,HeheBraceFizz,Hot Dog,1/21/2016,4.09
5333,Poshytess,Squishee,1/6/2016,7.16
5334,Kenkatani,Hot Dog,1/10/2016,12.55
5335,Grouptu,Buzz Cola,1/22/2016,10.68
5336,GossipNight,Snow Plow,1/5/2016,5.02
5337,Scarypticew,Barley,1/20/2016,11.98
5338,DayWishFear,Hot Dog,1/20/2016,9.22
5339,Faxionan,Saxophone Reed,1/26/2016,3.06
5340,CrazyNumBrace,Buzz Cola,1/25/2016,11.24
5341,Quintin,Bowling Ball,1/8/2016,7.68
5342,Crawlergy,Almond Milk,1/7/2016,11.2
5343,Euphartn,Orange Punch,1/14/2016,6.26
5344,LuvBleak,Bowling Ball,1/11/2016,12.6
5345,Ineschic,Barley,1/14/2016,12.98
5346,Cognizant Technology Solutions,Hot Dog,1/13/2016,3.94
5347,Diaryptor,Left-handed Scissors,1/10/2016,8.64
5348,NozyGiga,Almond Milk,1/6/2016,12.85
5349,GurlyJinPersonal,Snow Plow,1/31/2016,8.68
5350,Saleurip,Flower Bouquet,1/21/2016,8.16
5351,Pedabrsel,Left-handed Scissors,1/19/2016,11.9
5352,BugsSlayr,Pacifier,1/26/2016,10.37
5353,PurpleShoes,Almond Milk,1/30/2016,3.52
5354,Mundelise,Bowling Ball,1/6/2016,10.39
5355,BabyPro,Squishee,1/1/2016,9.49
5356,SnoWord,Barley,1/10/2016,7.34
5357,Mediaux,Squishee,1/28/2016,10.42
5358,Mithelle,Barley,1/22/2016,11.59
5359,Finaldelu,Saxophone Reed,1/17/2016,11.73
5360,RightBeZeether,Almond Milk,1/17/2016,5.92
5361,Communique,Krusty-Os,1/30/2016,5.51
5362,Mudsalib,Saxophone Reed,1/10/2016,8.38
5363,Latinament,Snow Plow,1/16/2016,6.07
5364,Kalamicvi,Left-handed Scissors,1/23/2016,5.93
5365,NotePuff,Barley,1/16/2016,6.89
5366,Enerpeop,Orange Punch,1/5/2016,10.44
5367,Greygramid,Pacifier,1/29/2016,8.41
5368,RonzUber,Flower Bouquet,1/26/2016,3.62
5369,Enturis,Slingshot,1/18/2016,7.53
5370,Bedsoft,Bowling Ball,1/14/2016,12.12
5371,Boostleysse,Saxophone Reed,1/7/2016,3.19
5372,Parkettsto,Krusty-Os,1/2/2016,10.48
5373,IcyEye,Hot Dog,1/13/2016,3.13
5374,Hanglober,Saxophone Reed,1/2/2016,11.57
5375,BurntFear,Devil Donut,1/19/2016,6.77